  ,  ,  ,  ,  ,  ,  ,  ,  ,  ,  ,  ,  ,  ,  ,  ,🔲,🔲,🔲,  ,  ,  ,  ,  ,  ,  ,  ,  ,  ,  
  ,  ,  ,  ,  ,  ,  ,  ,  ,  ,  ,  ,  ,🔲,🔲,🔲,🔲,🪦,🔲,🔲,  ,  ,  ,  ,  ,  ,  ,  ,  ,  
  ,  ,  ,🔲,🔲,🔲,🔲,🔲,🔲,🔲,🔲,🔲,🔲,🔲,⬛,⬛,🪦,🪦,🪦,🔲,🔲,  ,  ,  ,  ,  ,  ,  ,  ,  
  ,  ,  ,🔲,⬛,⬛,⬛,⬛,⬛,⬛,⬛,⬛,⬛,⬛,⬛,🪦,🪦,🏰,🪦,🪦,🔲,🔲,  ,  ,  ,  ,  ,  ,  ,  
  ,  ,  ,🔲,⬛,🔲,🔲,🔲,🔲,🔲,🔲,🔲,🔲,🔲,⬛,⬛,🪦,🪦,🪦,🔲,🔲,🔲,  ,  ,  ,  ,  ,  ,  ,  
  ,  ,  ,🔲,⬛,🔲,  ,  ,  ,  ,  ,🔲,🔲,🔲,📦,⬛,⬛,🪦,⬛,🔲,🔲,  ,  ,🔲,🔲,🔲,🔲,🔲,🔲,  
  ,  ,  ,🔲,⬛,🔲,  ,  ,  ,  ,  ,🔲,🔲,🔲,🔲,🔲,🔲,🔲,🔲,🔲,  ,  ,  ,🔲,⬛,🪨,💀,⬛,🔲,  
  ,  ,  ,🔲,⬛,🔲,  ,  ,  ,  ,  ,🔲,🔲,  ,  ,  ,  ,  ,  ,  ,  ,  ,  ,🔲,⬛,⬛,🪨,⬛,🔲,  
  ,  ,  ,🔲,⬛,🔲,  ,  ,  ,  ,  ,🔲,🔲,🔲,🔲,🔲,🔲,🔲,🔲,🔲,🔲,🔲,🔲,🔲,⬛,⬛,⬛,⬛,🔲,  
  ,  ,  ,🔲,⬛,🔲,  ,  ,  ,  ,  ,  ,🔲,🔲,⬛,⬛,⬛,⬛,⬛,⬛,⬛,⬛,⬛,⬛,⬛,⬛,🪨,⬛,🔲,  
  ,  ,  ,🔲,⬛,🔲,  ,  ,  ,  ,  ,  ,🔲,🔲,⬛,🔲,🔲,🔲,🔲,🔲,🔲,🔲,🔲,🔲,⬛,⬛,⬛,🪨,🔲,  
  ,  ,  ,🔲,⬛,🔲,  ,  ,  ,  ,  ,🔲,🔲,🔲,🚪,🔲,  ,  ,  ,  ,  ,  ,  ,🔲,⬛,⬛,⬛,⬛,🔲,  
  ,  ,  ,🔲,⬛,🔲,  ,  ,  ,  ,  ,🔲,🔲,⬛,⬛,⬛,🔲,  ,  ,  ,  ,  ,  ,🔲,⬛,⬛,⬛,⬛,🔲,  
  ,  ,🔲,🔲,⬛,🔲,  ,  ,  ,  ,  ,🔲,🔲,⬛,⬛,⬛,🔲,🔲,🔲,🔲,🔲,🔲,  ,🔲,⬛,⬛,⬛,⬛,🔲,  
  ,  ,🔲,🔲,🚪,🔲,🔲,🔲,  ,  ,  ,🔲,🔲,⬛,🟦,⬛,⬛,⬛,⬛,⬛,⬛,🔲,  ,🔲,🔲,🚪,🔲,🔲,🔲,  
  ,🔲,🔲,⬛,⬛,⬛,⬛,🔲,  ,  ,  ,🔲,🔲,⬛,⬛,⬛,🔲,🔲,🔲,🔲,⬛,🔲,  ,🔲,🔲,⬛,🔲,🔲,🔲,  
  ,🔲,🔲,🪑,⬛,⬛,⬛,🔲,  ,  ,  ,🔲,🔲,⬛,⬛,⬛,🔲,  ,  ,🔲,⬛,🔲,  ,  ,🔲,📦,🔲,  ,  ,  
  ,🔲,🔲,📦,⬛,⬛,⬛,🔲,🔲,🔲,🔲,🔲,🔲,🔲,🔲,🔲,🔲,🔲,🔲,🔲,⬛,🔲,🔲,🔲,🔲,⬛,🔲,  ,  ,  
  ,🔲,🔲,⬛,⬛,⬛,⬛,⬛,⬛,⬛,⬛,⬛,⬛,⬛,⬛,⬛,⬛,⬛,⬛,⬛,⬛,⬛,⬛,⬛,⬛,⬛,🔲,🔲,  ,  
  ,🔲,🔲,📦,⬛,⬛,⬛,🔲,🔲,🔲,🔲,🔲,🔲,🔲,🔲,🔲,🔲,🔲,🔲,🔲,⬛,🔲,🔲,🔲,🔲,🔲,🔲,🔲,  ,  
  ,🔲,🔲,🪑,⬛,⬛,⬛,🔲,🔲,🔲,🔲,🔲,🔲,🔲,🔲,🔲,⬛,⬛,⬛,📦,⬛,⬛,⬛,⬛,⬛,🔲,🔲,  ,  ,  
  ,🔲,🔲,⬛,⬛,⬛,⬛,🔲,🔲,  ,  ,  ,  ,  ,🔲,🔲,📦,📦,⬛,📦,📦,⬛,📦,📦,⬛,🔲,🔲,  ,  ,  
  ,🔲,🔲,🔲,🔲,🟫,🔲,🔲,🔲,  ,  ,  ,  ,  ,🔲,🔲,⬛,⬛,⬛,⬛,⬛,⬛,📦,⬛,⬛,🔲,  ,  ,  ,  
  ,🔲,🔲,🔲,🔲,🟫,🔲,🔲,🔲,  ,  ,  ,  ,  ,🔲,🔲,🔲,🔲,🔲,🔲,🔲,🔲,🔲,🔲,🔲,🔲,  ,  ,  ,  
  ,  ,  ,  ,🔲,🟫,🔲,  ,  ,  ,  ,  ,  ,  ,🔲,🔲,🔲,🔲,🔲,🔲,🔲,🔲,🔲,🔲,🔲,🔲,  ,  ,  ,  
  ,  ,  ,  ,  ,  ,  ,  ,  ,  ,  ,  ,  ,  ,  ,  ,  ,  ,  ,  ,  ,  ,  ,  ,  ,  ,  ,  ,  ,  
  ,  ,  ,  ,  ,  ,  ,  ,  ,  ,  ,  ,  ,  ,  ,  ,  ,  ,  ,  ,  ,  ,  ,  ,  ,  ,  ,  ,  ,  
  ,  ,  ,  ,  ,  ,  ,  ,  ,  ,  ,  ,  ,  ,  ,  ,  ,  ,  ,  ,  ,  ,  ,  ,  ,  ,  ,  ,  ,  
  ,  ,  ,  ,  ,  ,  ,  ,  ,  ,  ,  ,  ,  ,  ,  ,  ,  ,  ,  ,  ,  ,  ,  ,  ,  ,  ,  ,  ,  
  ,  ,  ,  ,  ,  ,  ,  ,  ,  ,  ,  ,  ,  ,  ,  ,  ,  ,  ,  ,  ,  ,  ,  ,  ,  ,  ,  ,  ,  
